BEGIN TRANSACTION;
CREATE TABLE IF NOT EXISTS "appointments" (
	"appointment_id"	TEXT,
	"patient_id"	TEXT,
	"doctor_id"	TEXT,
	"appointment_date"	TEXT,
	"appointment_time"	TEXT,
	"reason_for_visit"	TEXT,
	"status"	TEXT,
	PRIMARY KEY("doctor_id","appointment_id","patient_id")
);
CREATE TABLE IF NOT EXISTS "billing" (
	"bill_id"	TEXT,
	"patient_id"	TEXT,
	"treatment_id"	TEXT,
	"bill_date"	TEXT,
	"amount"	REAL,
	"payment_method"	TEXT,
	"payment_status"	TEXT,
	PRIMARY KEY("bill_id","patient_id","treatment_id")
);
CREATE TABLE IF NOT EXISTS "doctors" (
	"doctor_id"	TEXT,
	"first_name"	TEXT,
	"last_name"	TEXT,
	"specialization"	TEXT,
	"phone_number"	INTEGER,
	"years_experience"	INTEGER,
	"hospital_branch"	TEXT,
	"email"	TEXT,
	PRIMARY KEY("doctor_id")
);
CREATE TABLE IF NOT EXISTS "patients" (
	"patient_id"	TEXT,
	"first_name"	TEXT,
	"last_name"	TEXT,
	"gender"	TEXT,
	"date_of_birth"	TEXT,
	"contact_number"	INTEGER,
	"address"	TEXT,
	"registration_date"	TEXT,
	"insurance_provider"	TEXT,
	"insurance_number"	TEXT,
	"email"	TEXT,
	PRIMARY KEY("patient_id")
);
CREATE TABLE IF NOT EXISTS "treatments" (
	"treatment_id"	TEXT,
	"appointment_id"	TEXT,
	"treatment_type"	TEXT,
	"description"	TEXT,
	"cost"	REAL,
	"treatment_date"	TEXT,
	PRIMARY KEY("treatment_id","appointment_id")
);
INSERT INTO "appointments" VALUES ('A001','P034','D009','2023-08-09','15:15:00','Therapy','Scheduled');
INSERT INTO "appointments" VALUES ('A002','P032','D004','2023-06-09','14:30:00','Therapy','No-show');
INSERT INTO "appointments" VALUES ('A003','P048','D004','2023-06-28','8:00:00','Consultation','Cancelled');
INSERT INTO "appointments" VALUES ('A004','P025','D006','2023-09-01','9:15:00','Consultation','Cancelled');
INSERT INTO "appointments" VALUES ('A005','P040','D003','2023-07-06','12:45:00','Emergency','No-show');
INSERT INTO "appointments" VALUES ('A006','P045','D006','2023-06-19','16:15:00','Checkup','Scheduled');
INSERT INTO "appointments" VALUES ('A007','P001','D007','2023-04-09','10:30:00','Consultation','Scheduled');
INSERT INTO "appointments" VALUES ('A008','P016','D010','2023-05-24','8:45:00','Consultation','Cancelled');
INSERT INTO "appointments" VALUES ('A009','P039','D010','2023-03-05','13:45:00','Follow-up','Scheduled');
INSERT INTO "appointments" VALUES ('A010','P005','D003','2023-01-13','15:30:00','Therapy','Completed');
INSERT INTO "appointments" VALUES ('A011','P022','D007','2023-11-12','16:00:00','Checkup','No-show');
INSERT INTO "appointments" VALUES ('A012','P029','D003','2023-05-07','10:00:00','Follow-up','Completed');
INSERT INTO "appointments" VALUES ('A013','P003','D002','2023-08-16','12:00:00','Emergency','Scheduled');
INSERT INTO "appointments" VALUES ('A014','P012','D010','2023-05-25','10:30:00','Emergency','Cancelled');
INSERT INTO "appointments" VALUES ('A015','P026','D004','2023-01-15','17:15:00','Consultation','No-show');
INSERT INTO "appointments" VALUES ('A016','P016','D008','2023-06-30','11:00:00','Consultation','Scheduled');
INSERT INTO "appointments" VALUES ('A017','P037','D009','2023-07-11','17:00:00','Emergency','Scheduled');
INSERT INTO "appointments" VALUES ('A018','P022','D007','2023-11-14','9:45:00','Consultation','Cancelled');
INSERT INTO "appointments" VALUES ('A019','P029','D001','2023-02-06','15:30:00','Checkup','Cancelled');
INSERT INTO "appointments" VALUES ('A020','P014','D003','2023-12-05','15:15:00','Consultation','Completed');
INSERT INTO "appointments" VALUES ('A021','P028','D009','2023-04-24','10:00:00','Therapy','No-show');
INSERT INTO "appointments" VALUES ('A022','P005','D001','2023-11-14','13:00:00','Consultation','No-show');
INSERT INTO "appointments" VALUES ('A023','P047','D009','2023-05-09','14:30:00','Follow-up','Cancelled');
INSERT INTO "appointments" VALUES ('A024','P049','D008','2023-06-21','8:00:00','Checkup','Completed');
INSERT INTO "appointments" VALUES ('A025','P030','D001','2023-02-25','8:00:00','Follow-up','No-show');
INSERT INTO "appointments" VALUES ('A026','P046','D006','2023-03-17','14:15:00','Follow-up','Cancelled');
INSERT INTO "appointments" VALUES ('A027','P005','D005','2023-11-14','12:45:00','Therapy','Scheduled');
INSERT INTO "appointments" VALUES ('A028','P012','D006','2023-10-29','15:30:00','Checkup','No-show');
INSERT INTO "appointments" VALUES ('A029','P016','D010','2023-06-25','14:30:00','Checkup','Completed');
INSERT INTO "appointments" VALUES ('A030','P026','D005','2023-08-29','13:15:00','Checkup','Completed');
INSERT INTO "appointments" VALUES ('A031','P026','D006','2023-04-04','10:30:00','Checkup','Completed');
INSERT INTO "appointments" VALUES ('A032','P048','D005','2023-11-06','10:45:00','Checkup','Scheduled');
INSERT INTO "appointments" VALUES ('A033','P021','D005','2023-09-23','17:45:00','Therapy','No-show');
INSERT INTO "appointments" VALUES ('A034','P039','D004','2023-06-13','11:30:00','Consultation','No-show');
INSERT INTO "appointments" VALUES ('A035','P036','D003','2023-04-18','8:45:00','Follow-up','Scheduled');
INSERT INTO "appointments" VALUES ('A036','P033','D003','2023-01-08','14:30:00','Checkup','No-show');
INSERT INTO "appointments" VALUES ('A037','P030','D004','2023-03-28','11:00:00','Consultation','Scheduled');
INSERT INTO "appointments" VALUES ('A038','P037','D009','2023-02-23','13:00:00','Consultation','Scheduled');
INSERT INTO "appointments" VALUES ('A039','P023','D002','2023-04-17','8:00:00','Follow-up','Scheduled');
INSERT INTO "appointments" VALUES ('A040','P010','D009','2023-03-27','12:30:00','Therapy','Completed');
INSERT INTO "appointments" VALUES ('A041','P005','D001','2023-01-01','14:00:00','Emergency','No-show');
INSERT INTO "appointments" VALUES ('A042','P036','D001','2023-03-21','11:15:00','Emergency','Scheduled');
INSERT INTO "appointments" VALUES ('A043','P034','D005','2023-03-29','9:15:00','Consultation','No-show');
INSERT INTO "appointments" VALUES ('A044','P031','D006','2023-09-20','12:30:00','Follow-up','Completed');
INSERT INTO "appointments" VALUES ('A045','P010','D006','2023-09-28','17:00:00','Emergency','Scheduled');
INSERT INTO "appointments" VALUES ('A046','P019','D003','2023-12-20','13:15:00','Consultation','Cancelled');
INSERT INTO "appointments" VALUES ('A047','P032','D007','2023-05-02','11:00:00','Therapy','Completed');
INSERT INTO "appointments" VALUES ('A048','P001','D009','2023-01-16','15:45:00','Emergency','Cancelled');
INSERT INTO "appointments" VALUES ('A049','P005','D010','2023-04-30','15:30:00','Consultation','No-show');
INSERT INTO "appointments" VALUES ('A050','P045','D008','2023-08-16','15:00:00','Consultation','No-show');
INSERT INTO "appointments" VALUES ('A051','P004','D006','2023-02-04','11:45:00','Checkup','Completed');
INSERT INTO "appointments" VALUES ('A052','P016','D008','2023-07-12','9:30:00','Therapy','No-show');
INSERT INTO "appointments" VALUES ('A053','P024','D005','2023-02-12','10:30:00','Checkup','Cancelled');
INSERT INTO "appointments" VALUES ('A054','P016','D008','2023-12-16','11:45:00','Follow-up','Scheduled');
INSERT INTO "appointments" VALUES ('A055','P002','D010','2023-10-06','17:30:00','Checkup','Scheduled');
INSERT INTO "appointments" VALUES ('A056','P049','D004','2023-01-02','12:45:00','Checkup','Scheduled');
INSERT INTO "appointments" VALUES ('A057','P028','D010','2023-04-15','17:45:00','Emergency','Completed');
INSERT INTO "appointments" VALUES ('A058','P032','D008','2023-05-09','13:15:00','Consultation','No-show');
INSERT INTO "appointments" VALUES ('A059','P027','D010','2023-03-09','15:30:00','Therapy','Cancelled');
INSERT INTO "appointments" VALUES ('A060','P020','D002','2023-11-22','17:15:00','Checkup','No-show');
INSERT INTO "appointments" VALUES ('A061','P024','D005','2023-01-15','17:00:00','Therapy','No-show');
INSERT INTO "appointments" VALUES ('A062','P012','D009','2023-06-14','15:15:00','Checkup','No-show');
INSERT INTO "appointments" VALUES ('A063','P050','D004','2023-06-29','9:00:00','Follow-up','Scheduled');
INSERT INTO "appointments" VALUES ('A064','P035','D006','2023-05-31','8:30:00','Checkup','Cancelled');
INSERT INTO "appointments" VALUES ('A065','P033','D001','2023-04-24','15:45:00','Emergency','Cancelled');
INSERT INTO "appointments" VALUES ('A066','P033','D009','2023-05-10','11:45:00','Consultation','No-show');
INSERT INTO "appointments" VALUES ('A067','P043','D001','2023-08-10','11:00:00','Follow-up','Scheduled');
INSERT INTO "appointments" VALUES ('A068','P037','D005','2023-03-14','15:00:00','Checkup','Scheduled');
INSERT INTO "appointments" VALUES ('A069','P012','D004','2023-03-29','15:30:00','Therapy','Cancelled');
INSERT INTO "appointments" VALUES ('A070','P003','D003','2023-08-26','17:00:00','Follow-up','Scheduled');
INSERT INTO "appointments" VALUES ('A071','P001','D006','2023-01-26','17:00:00','Follow-up','Scheduled');
INSERT INTO "appointments" VALUES ('A072','P033','D002','2023-06-12','13:30:00','Checkup','Scheduled');
INSERT INTO "appointments" VALUES ('A073','P040','D003','2023-12-24','15:00:00','Follow-up','Completed');
INSERT INTO "appointments" VALUES ('A074','P010','D005','2023-07-23','13:30:00','Therapy','No-show');
INSERT INTO "appointments" VALUES ('A075','P043','D009','2023-05-08','14:00:00','Follow-up','Cancelled');
INSERT INTO "appointments" VALUES ('A076','P044','D002','2023-11-27','12:00:00','Therapy','Cancelled');
INSERT INTO "appointments" VALUES ('A077','P029','D010','2023-12-14','17:15:00','Checkup','Completed');
INSERT INTO "appointments" VALUES ('A078','P013','D008','2023-09-17','11:15:00','Consultation','No-show');
INSERT INTO "appointments" VALUES ('A079','P012','D002','2023-12-26','14:00:00','Follow-up','Cancelled');
INSERT INTO "appointments" VALUES ('A080','P031','D005','2023-06-26','8:30:00','Consultation','Scheduled');
INSERT INTO "appointments" VALUES ('A081','P046','D007','2023-01-06','13:30:00','Therapy','Cancelled');
INSERT INTO "appointments" VALUES ('A082','P002','D008','2023-01-20','10:45:00','Follow-up','Scheduled');
INSERT INTO "appointments" VALUES ('A083','P050','D001','2023-11-07','12:30:00','Emergency','Completed');
INSERT INTO "appointments" VALUES ('A084','P035','D006','2023-05-31','16:00:00','Consultation','Scheduled');
INSERT INTO "appointments" VALUES ('A085','P023','D001','2023-02-18','16:15:00','Follow-up','Cancelled');
INSERT INTO "appointments" VALUES ('A086','P017','D002','2023-10-29','11:00:00','Consultation','Cancelled');
INSERT INTO "appointments" VALUES ('A087','P026','D001','2023-10-19','12:15:00','Follow-up','Cancelled');
INSERT INTO "appointments" VALUES ('A088','P008','D005','2023-05-02','16:30:00','Checkup','Completed');
INSERT INTO "appointments" VALUES ('A089','P029','D010','2023-02-14','11:00:00','Consultation','Completed');
INSERT INTO "appointments" VALUES ('A090','P026','D009','2023-06-01','17:30:00','Emergency','No-show');
INSERT INTO "appointments" VALUES ('A091','P010','D006','2023-06-11','13:15:00','Emergency','Cancelled');
INSERT INTO "appointments" VALUES ('A092','P026','D001','2023-01-30','14:15:00','Therapy','Scheduled');
INSERT INTO "appointments" VALUES ('A093','P034','D001','2023-04-09','9:30:00','Follow-up','Completed');
INSERT INTO "appointments" VALUES ('A094','P041','D002','2023-04-08','8:45:00','Consultation','Cancelled');
INSERT INTO "appointments" VALUES ('A095','P007','D009','2023-05-09','10:15:00','Therapy','Cancelled');
INSERT INTO "appointments" VALUES ('A096','P004','D003','2023-07-07','15:00:00','Consultation','Completed');
INSERT INTO "appointments" VALUES ('A097','P050','D001','2023-05-06','14:45:00','Follow-up','No-show');
INSERT INTO "appointments" VALUES ('A098','P045','D005','2023-03-17','13:00:00','Emergency','Completed');
INSERT INTO "appointments" VALUES ('A099','P011','D007','2023-07-04','15:00:00','Checkup','Completed');
INSERT INTO "appointments" VALUES ('A100','P029','D006','2023-03-02','8:00:00','Emergency','Scheduled');
INSERT INTO "appointments" VALUES ('A101','P036','D001','2023-09-21','13:15:00','Therapy','Scheduled');
INSERT INTO "appointments" VALUES ('A102','P025','D005','2023-10-25','9:00:00','Checkup','No-show');
INSERT INTO "appointments" VALUES ('A103','P021','D005','2023-01-24','8:30:00','Therapy','Cancelled');
INSERT INTO "appointments" VALUES ('A104','P036','D006','2023-04-18','8:45:00','Follow-up','Completed');
INSERT INTO "appointments" VALUES ('A105','P010','D003','2023-08-14','16:00:00','Checkup','No-show');
INSERT INTO "appointments" VALUES ('A106','P037','D005','2023-10-29','11:15:00','Therapy','Scheduled');
INSERT INTO "appointments" VALUES ('A107','P009','D007','2023-04-17','13:45:00','Follow-up','Completed');
INSERT INTO "appointments" VALUES ('A108','P024','D005','2023-04-21','15:00:00','Emergency','Cancelled');
INSERT INTO "appointments" VALUES ('A109','P035','D005','2023-07-29','14:00:00','Follow-up','Scheduled');
INSERT INTO "appointments" VALUES ('A110','P049','D005','2023-07-19','14:30:00','Consultation','Scheduled');
INSERT INTO "appointments" VALUES ('A111','P035','D010','2023-05-22','15:30:00','Follow-up','Scheduled');
INSERT INTO "appointments" VALUES ('A112','P048','D010','2023-01-11','8:00:00','Follow-up','No-show');
INSERT INTO "appointments" VALUES ('A113','P036','D003','2023-11-24','15:30:00','Consultation','Cancelled');
INSERT INTO "appointments" VALUES ('A114','P018','D001','2023-08-08','9:00:00','Therapy','Completed');
INSERT INTO "appointments" VALUES ('A115','P049','D005','2023-10-25','10:30:00','Therapy','No-show');
INSERT INTO "appointments" VALUES ('A116','P039','D009','2023-07-07','9:15:00','Follow-up','No-show');
INSERT INTO "appointments" VALUES ('A117','P032','D001','2023-06-20','13:45:00','Consultation','No-show');
INSERT INTO "appointments" VALUES ('A118','P024','D003','2023-08-09','8:15:00','Consultation','Scheduled');
INSERT INTO "appointments" VALUES ('A119','P023','D004','2023-12-18','13:30:00','Emergency','Cancelled');
INSERT INTO "appointments" VALUES ('A120','P032','D001','2023-12-08','11:00:00','Therapy','No-show');
INSERT INTO "appointments" VALUES ('A121','P037','D001','2023-04-07','15:00:00','Checkup','Completed');
INSERT INTO "appointments" VALUES ('A122','P012','D008','2023-07-11','14:30:00','Therapy','Cancelled');
INSERT INTO "appointments" VALUES ('A123','P049','D002','2023-02-28','10:45:00','Therapy','Completed');
INSERT INTO "appointments" VALUES ('A124','P013','D008','2023-03-16','17:15:00','Emergency','Cancelled');
INSERT INTO "appointments" VALUES ('A125','P023','D007','2023-02-18','10:15:00','Checkup','Completed');
INSERT INTO "appointments" VALUES ('A126','P025','D010','2023-11-02','9:45:00','Emergency','Scheduled');
INSERT INTO "appointments" VALUES ('A127','P035','D010','2023-11-13','8:30:00','Checkup','No-show');
INSERT INTO "appointments" VALUES ('A128','P041','D002','2023-04-15','14:45:00','Follow-up','Completed');
INSERT INTO "appointments" VALUES ('A129','P030','D006','2023-08-25','9:30:00','Checkup','Cancelled');
INSERT INTO "appointments" VALUES ('A130','P017','D006','2023-02-23','15:00:00','Emergency','No-show');
INSERT INTO "appointments" VALUES ('A131','P049','D003','2023-05-11','16:30:00','Therapy','No-show');
INSERT INTO "appointments" VALUES ('A132','P020','D002','2023-07-26','10:45:00','Checkup','Cancelled');
INSERT INTO "appointments" VALUES ('A133','P048','D001','2023-03-23','14:30:00','Checkup','Completed');
INSERT INTO "appointments" VALUES ('A134','P025','D006','2023-10-17','15:15:00','Consultation','Scheduled');
INSERT INTO "appointments" VALUES ('A135','P022','D005','2023-09-09','16:30:00','Therapy','Scheduled');
INSERT INTO "appointments" VALUES ('A136','P013','D009','2023-05-13','12:30:00','Follow-up','Completed');
INSERT INTO "appointments" VALUES ('A137','P019','D001','2023-10-25','10:00:00','Emergency','No-show');
INSERT INTO "appointments" VALUES ('A138','P049','D007','2023-12-26','15:15:00','Follow-up','No-show');
INSERT INTO "appointments" VALUES ('A139','P036','D005','2023-10-10','10:45:00','Therapy','No-show');
INSERT INTO "appointments" VALUES ('A140','P012','D005','2023-02-05','15:15:00','Checkup','No-show');
INSERT INTO "appointments" VALUES ('A141','P041','D002','2023-06-15','15:15:00','Checkup','Completed');
INSERT INTO "appointments" VALUES ('A142','P019','D003','2023-11-01','11:45:00','Therapy','No-show');
INSERT INTO "appointments" VALUES ('A143','P012','D007','2023-09-21','12:15:00','Checkup','Cancelled');
INSERT INTO "appointments" VALUES ('A144','P009','D006','2023-08-16','12:15:00','Checkup','No-show');
INSERT INTO "appointments" VALUES ('A145','P007','D002','2023-11-11','14:45:00','Checkup','Scheduled');
INSERT INTO "appointments" VALUES ('A146','P028','D006','2023-01-05','9:30:00','Emergency','No-show');
INSERT INTO "appointments" VALUES ('A147','P014','D002','2023-11-13','17:30:00','Emergency','Completed');
INSERT INTO "appointments" VALUES ('A148','P031','D002','2023-12-06','8:30:00','Consultation','Scheduled');
INSERT INTO "appointments" VALUES ('A149','P019','D002','2023-07-26','12:30:00','Follow-up','Completed');
INSERT INTO "appointments" VALUES ('A150','P047','D003','2023-08-16','10:45:00','Therapy','Completed');
INSERT INTO "appointments" VALUES ('A151','P016','D002','2023-01-28','9:15:00','Therapy','Scheduled');
INSERT INTO "appointments" VALUES ('A152','P005','D004','2023-04-14','8:30:00','Therapy','Completed');
INSERT INTO "appointments" VALUES ('A153','P035','D009','2023-07-08','12:45:00','Consultation','Completed');
INSERT INTO "appointments" VALUES ('A154','P012','D006','2023-03-06','17:30:00','Emergency','No-show');
INSERT INTO "appointments" VALUES ('A155','P025','D001','2023-01-03','9:30:00','Consultation','Cancelled');
INSERT INTO "appointments" VALUES ('A156','P021','D008','2023-11-22','14:30:00','Therapy','Completed');
INSERT INTO "appointments" VALUES ('A157','P036','D007','2023-05-12','11:00:00','Follow-up','Completed');
INSERT INTO "appointments" VALUES ('A158','P023','D010','2023-07-12','12:15:00','Checkup','Completed');
INSERT INTO "appointments" VALUES ('A159','P016','D003','2023-04-08','16:15:00','Emergency','No-show');
INSERT INTO "appointments" VALUES ('A160','P039','D001','2023-12-17','12:45:00','Emergency','Cancelled');
INSERT INTO "appointments" VALUES ('A161','P045','D005','2023-06-17','10:45:00','Consultation','Scheduled');
INSERT INTO "appointments" VALUES ('A162','P042','D004','2023-01-01','17:15:00','Emergency','No-show');
INSERT INTO "appointments" VALUES ('A163','P039','D010','2023-06-27','15:00:00','Therapy','No-show');
INSERT INTO "appointments" VALUES ('A164','P014','D008','2023-07-28','17:15:00','Therapy','Cancelled');
INSERT INTO "appointments" VALUES ('A165','P031','D001','2023-04-04','15:30:00','Consultation','Cancelled');
INSERT INTO "appointments" VALUES ('A166','P005','D010','2023-01-12','14:45:00','Therapy','No-show');
INSERT INTO "appointments" VALUES ('A167','P035','D001','2023-11-15','8:15:00','Follow-up','Scheduled');
INSERT INTO "appointments" VALUES ('A168','P023','D004','2023-09-29','10:00:00','Consultation','No-show');
INSERT INTO "appointments" VALUES ('A169','P029','D008','2023-07-24','16:45:00','Follow-up','Cancelled');
INSERT INTO "appointments" VALUES ('A170','P043','D005','2023-03-03','9:00:00','Checkup','Scheduled');
INSERT INTO "appointments" VALUES ('A171','P011','D002','2023-04-18','16:30:00','Follow-up','Cancelled');
INSERT INTO "appointments" VALUES ('A172','P018','D006','2023-03-09','16:15:00','Checkup','Scheduled');
INSERT INTO "appointments" VALUES ('A173','P047','D005','2023-06-04','13:30:00','Checkup','Completed');
INSERT INTO "appointments" VALUES ('A174','P012','D002','2023-10-31','11:15:00','Follow-up','Cancelled');
INSERT INTO "appointments" VALUES ('A175','P009','D003','2023-10-22','17:00:00','Consultation','Cancelled');
INSERT INTO "appointments" VALUES ('A176','P010','D009','2023-04-26','9:30:00','Therapy','No-show');
INSERT INTO "appointments" VALUES ('A177','P044','D007','2023-08-16','12:30:00','Therapy','Cancelled');
INSERT INTO "appointments" VALUES ('A178','P017','D007','2023-01-17','13:15:00','Checkup','Cancelled');
INSERT INTO "appointments" VALUES ('A179','P038','D006','2023-03-08','12:15:00','Checkup','Completed');
INSERT INTO "appointments" VALUES ('A180','P007','D008','2023-01-07','11:00:00','Consultation','Cancelled');
INSERT INTO "appointments" VALUES ('A181','P046','D004','2023-09-03','13:15:00','Emergency','Completed');
INSERT INTO "appointments" VALUES ('A182','P013','D008','2023-04-12','8:00:00','Follow-up','Completed');
INSERT INTO "appointments" VALUES ('A183','P040','D004','2023-02-03','16:15:00','Checkup','Completed');
INSERT INTO "appointments" VALUES ('A184','P042','D008','2023-02-26','17:45:00','Therapy','Completed');
INSERT INTO "appointments" VALUES ('A185','P009','D009','2023-03-21','14:00:00','Consultation','Scheduled');
INSERT INTO "appointments" VALUES ('A186','P050','D003','2023-03-27','17:15:00','Follow-up','No-show');
INSERT INTO "appointments" VALUES ('A187','P027','D003','2023-02-13','12:30:00','Consultation','Scheduled');
INSERT INTO "appointments" VALUES ('A188','P002','D002','2023-04-12','16:30:00','Follow-up','Cancelled');
INSERT INTO "appointments" VALUES ('A189','P005','D010','2023-10-05','13:30:00','Follow-up','Scheduled');
INSERT INTO "appointments" VALUES ('A190','P029','D003','2023-11-16','15:15:00','Checkup','Scheduled');
INSERT INTO "appointments" VALUES ('A191','P037','D003','2023-04-12','16:00:00','Consultation','Cancelled');
INSERT INTO "appointments" VALUES ('A192','P038','D005','2023-08-31','14:15:00','Consultation','Cancelled');
INSERT INTO "appointments" VALUES ('A193','P019','D005','2023-09-15','8:15:00','Therapy','Cancelled');
INSERT INTO "appointments" VALUES ('A194','P008','D002','2023-04-06','12:45:00','Therapy','Scheduled');
INSERT INTO "appointments" VALUES ('A195','P048','D010','2023-08-19','17:15:00','Checkup','Scheduled');
INSERT INTO "appointments" VALUES ('A196','P045','D006','2023-10-26','9:45:00','Checkup','Cancelled');
INSERT INTO "appointments" VALUES ('A197','P001','D005','2023-04-01','13:30:00','Emergency','No-show');
INSERT INTO "appointments" VALUES ('A198','P022','D006','2023-05-15','8:30:00','Therapy','No-show');
INSERT INTO "appointments" VALUES ('A199','P017','D001','2023-05-01','12:45:00','Follow-up','Completed');
INSERT INTO "appointments" VALUES ('A200','P007','D005','2023-12-30','10:15:00','Consultation','Cancelled');
INSERT INTO "billing" VALUES ('B001','P034','T001','2023-08-09',3941.97,'Insurance','Pending');
INSERT INTO "billing" VALUES ('B002','P032','T002','2023-06-09',4158.44,'Insurance','Paid');
INSERT INTO "billing" VALUES ('B003','P048','T003','2023-06-28',3731.55,'Insurance','Paid');
INSERT INTO "billing" VALUES ('B004','P025','T004','2023-09-01',4799.86,'Insurance','Failed');
INSERT INTO "billing" VALUES ('B005','P040','T005','2023-07-06',582.05,'Credit Card','Pending');
INSERT INTO "billing" VALUES ('B006','P045','T006','2023-06-19',1381.0,'Insurance','Pending');
INSERT INTO "billing" VALUES ('B007','P001','T007','2023-04-09',534.03,'Cash','Failed');
INSERT INTO "billing" VALUES ('B008','P016','T008','2023-05-24',3413.64,'Cash','Failed');
INSERT INTO "billing" VALUES ('B009','P039','T009','2023-03-05',4541.14,'Credit Card','Paid');
INSERT INTO "billing" VALUES ('B010','P005','T010','2023-01-13',1595.67,'Cash','Paid');
INSERT INTO "billing" VALUES ('B011','P022','T011','2023-11-12',4671.66,'Cash','Failed');
INSERT INTO "billing" VALUES ('B012','P029','T012','2023-05-07',771.2,'Insurance','Pending');
INSERT INTO "billing" VALUES ('B013','P003','T013','2023-08-16',4704.96,'Cash','Paid');
INSERT INTO "billing" VALUES ('B014','P012','T014','2023-05-25',2082.3,'Credit Card','Paid');
INSERT INTO "billing" VALUES ('B015','P026','T015','2023-01-15',956.39,'Insurance','Pending');
INSERT INTO "billing" VALUES ('B016','P016','T016','2023-06-30',2686.42,'Insurance','Paid');
INSERT INTO "billing" VALUES ('B017','P037','T017','2023-07-11',1655.49,'Credit Card','Pending');
INSERT INTO "billing" VALUES ('B018','P022','T018','2023-11-14',1781.93,'Insurance','Pending');
INSERT INTO "billing" VALUES ('B019','P029','T019','2023-02-06',1882.8,'Insurance','Pending');
INSERT INTO "billing" VALUES ('B020','P014','T020','2023-12-05',4113.62,'Credit Card','Failed');
INSERT INTO "billing" VALUES ('B021','P028','T021','2023-04-24',2926.23,'Insurance','Failed');
INSERT INTO "billing" VALUES ('B022','P005','T022','2023-11-14',1900.88,'Credit Card','Failed');
INSERT INTO "billing" VALUES ('B023','P047','T023','2023-05-09',3246.5,'Credit Card','Pending');
INSERT INTO "billing" VALUES ('B024','P049','T024','2023-06-21',3722.68,'Cash','Pending');
INSERT INTO "billing" VALUES ('B025','P030','T025','2023-02-25',1726.81,'Cash','Failed');
INSERT INTO "billing" VALUES ('B026','P046','T026','2023-03-17',2360.97,'Insurance','Paid');
INSERT INTO "billing" VALUES ('B027','P005','T027','2023-11-14',1048.49,'Insurance','Pending');
INSERT INTO "billing" VALUES ('B028','P012','T028','2023-10-29',1315.17,'Credit Card','Paid');
INSERT INTO "billing" VALUES ('B029','P016','T029','2023-06-25',3565.03,'Insurance','Paid');
INSERT INTO "billing" VALUES ('B030','P026','T030','2023-08-29',1316.47,'Credit Card','Pending');
INSERT INTO "billing" VALUES ('B031','P026','T031','2023-04-04',2863.24,'Credit Card','Pending');
INSERT INTO "billing" VALUES ('B032','P048','T032','2023-11-06',3690.71,'Insurance','Paid');
INSERT INTO "billing" VALUES ('B033','P021','T033','2023-09-23',980.95,'Credit Card','Paid');
INSERT INTO "billing" VALUES ('B034','P039','T034','2023-06-13',3052.9,'Cash','Failed');
INSERT INTO "billing" VALUES ('B035','P036','T035','2023-04-18',1654.53,'Insurance','Failed');
INSERT INTO "billing" VALUES ('B036','P033','T036','2023-01-08',4833.17,'Cash','Pending');
INSERT INTO "billing" VALUES ('B037','P030','T037','2023-03-28',2675.96,'Insurance','Failed');
INSERT INTO "billing" VALUES ('B038','P037','T038','2023-02-23',4126.97,'Credit Card','Failed');
INSERT INTO "billing" VALUES ('B039','P023','T039','2023-04-17',2976.02,'Insurance','Failed');
INSERT INTO "billing" VALUES ('B040','P010','T040','2023-03-27',695.36,'Cash','Failed');
INSERT INTO "billing" VALUES ('B041','P005','T041','2023-01-01',3349.18,'Credit Card','Paid');
INSERT INTO "billing" VALUES ('B042','P036','T042','2023-03-21',4781.32,'Insurance','Pending');
INSERT INTO "billing" VALUES ('B043','P034','T043','2023-03-29',3207.25,'Insurance','Failed');
INSERT INTO "billing" VALUES ('B044','P031','T044','2023-09-20',4186.35,'Insurance','Paid');
INSERT INTO "billing" VALUES ('B045','P010','T045','2023-09-28',4478.93,'Cash','Paid');
INSERT INTO "billing" VALUES ('B046','P019','T046','2023-12-20',1526.36,'Cash','Paid');
INSERT INTO "billing" VALUES ('B047','P032','T047','2023-05-02',1454.2,'Insurance','Failed');
INSERT INTO "billing" VALUES ('B048','P001','T048','2023-01-16',3249.41,'Credit Card','Failed');
INSERT INTO "billing" VALUES ('B049','P005','T049','2023-04-30',2349.63,'Credit Card','Pending');
INSERT INTO "billing" VALUES ('B050','P045','T050','2023-08-16',4279.38,'Cash','Failed');
INSERT INTO "billing" VALUES ('B051','P004','T051','2023-02-04',4550.1,'Credit Card','Failed');
INSERT INTO "billing" VALUES ('B052','P016','T052','2023-07-12',2090.4,'Cash','Paid');
INSERT INTO "billing" VALUES ('B053','P024','T053','2023-02-12',1565.92,'Insurance','Pending');
INSERT INTO "billing" VALUES ('B054','P016','T054','2023-12-16',4012.36,'Cash','Failed');
INSERT INTO "billing" VALUES ('B055','P002','T055','2023-10-06',1736.63,'Cash','Failed');
INSERT INTO "billing" VALUES ('B056','P049','T056','2023-01-02',4201.76,'Insurance','Paid');
INSERT INTO "billing" VALUES ('B057','P028','T057','2023-04-15',2406.82,'Credit Card','Paid');
INSERT INTO "billing" VALUES ('B058','P032','T058','2023-05-09',3503.97,'Cash','Failed');
INSERT INTO "billing" VALUES ('B059','P027','T059','2023-03-09',929.91,'Cash','Pending');
INSERT INTO "billing" VALUES ('B060','P020','T060','2023-11-22',3307.37,'Insurance','Pending');
INSERT INTO "billing" VALUES ('B061','P024','T061','2023-01-15',2532.95,'Credit Card','Paid');
INSERT INTO "billing" VALUES ('B062','P012','T062','2023-06-14',3139.74,'Cash','Paid');
INSERT INTO "billing" VALUES ('B063','P050','T063','2023-06-29',1256.06,'Insurance','Failed');
INSERT INTO "billing" VALUES ('B064','P035','T064','2023-05-31',3815.93,'Cash','Paid');
INSERT INTO "billing" VALUES ('B065','P033','T065','2023-04-24',4382.59,'Insurance','Failed');
INSERT INTO "billing" VALUES ('B066','P033','T066','2023-05-10',1475.33,'Credit Card','Pending');
INSERT INTO "billing" VALUES ('B067','P043','T067','2023-08-10',930.72,'Credit Card','Pending');
INSERT INTO "billing" VALUES ('B068','P037','T068','2023-03-14',606.37,'Credit Card','Failed');
INSERT INTO "billing" VALUES ('B069','P012','T069','2023-03-29',3388.87,'Credit Card','Paid');
INSERT INTO "billing" VALUES ('B070','P003','T070','2023-08-26',3231.92,'Cash','Pending');
INSERT INTO "billing" VALUES ('B071','P001','T071','2023-01-26',2960.14,'Cash','Paid');
INSERT INTO "billing" VALUES ('B072','P033','T072','2023-06-12',1543.76,'Credit Card','Pending');
INSERT INTO "billing" VALUES ('B073','P040','T073','2023-12-24',2259.08,'Credit Card','Failed');
INSERT INTO "billing" VALUES ('B074','P010','T074','2023-07-23',3175.14,'Credit Card','Failed');
INSERT INTO "billing" VALUES ('B075','P043','T075','2023-05-08',2735.45,'Cash','Failed');
INSERT INTO "billing" VALUES ('B076','P044','T076','2023-11-27',4945.03,'Credit Card','Pending');
INSERT INTO "billing" VALUES ('B077','P029','T077','2023-12-14',1113.98,'Credit Card','Paid');
INSERT INTO "billing" VALUES ('B078','P013','T078','2023-09-17',3628.15,'Credit Card','Paid');
INSERT INTO "billing" VALUES ('B079','P012','T079','2023-12-26',2319.43,'Insurance','Paid');
INSERT INTO "billing" VALUES ('B080','P031','T080','2023-06-26',2426.9,'Credit Card','Pending');
INSERT INTO "billing" VALUES ('B081','P046','T081','2023-01-06',3729.19,'Insurance','Pending');
INSERT INTO "billing" VALUES ('B082','P002','T082','2023-01-20',3615.96,'Insurance','Pending');
INSERT INTO "billing" VALUES ('B083','P050','T083','2023-11-07',4960.65,'Credit Card','Pending');
INSERT INTO "billing" VALUES ('B084','P035','T084','2023-05-31',1077.77,'Insurance','Pending');
INSERT INTO "billing" VALUES ('B085','P023','T085','2023-02-18',968.49,'Credit Card','Paid');
INSERT INTO "billing" VALUES ('B086','P017','T086','2023-10-29',3759.52,'Cash','Pending');
INSERT INTO "billing" VALUES ('B087','P026','T087','2023-10-19',3102.74,'Cash','Pending');
INSERT INTO "billing" VALUES ('B088','P008','T088','2023-05-02',1733.72,'Cash','Paid');
INSERT INTO "billing" VALUES ('B089','P029','T089','2023-02-14',857.39,'Cash','Pending');
INSERT INTO "billing" VALUES ('B090','P026','T090','2023-06-01',885.46,'Insurance','Paid');
INSERT INTO "billing" VALUES ('B091','P010','T091','2023-06-11',4523.86,'Credit Card','Paid');
INSERT INTO "billing" VALUES ('B092','P026','T092','2023-01-30',1363.4,'Credit Card','Failed');
INSERT INTO "billing" VALUES ('B093','P034','T093','2023-04-09',1955.17,'Credit Card','Failed');
INSERT INTO "billing" VALUES ('B094','P041','T094','2023-04-08',1519.95,'Cash','Failed');
INSERT INTO "billing" VALUES ('B095','P007','T095','2023-05-09',2097.48,'Cash','Failed');
INSERT INTO "billing" VALUES ('B096','P004','T096','2023-07-07',812.41,'Credit Card','Pending');
INSERT INTO "billing" VALUES ('B097','P050','T097','2023-05-06',2835.77,'Cash','Failed');
INSERT INTO "billing" VALUES ('B098','P045','T098','2023-03-17',804.26,'Credit Card','Paid');
INSERT INTO "billing" VALUES ('B099','P011','T099','2023-07-04',4101.6,'Credit Card','Pending');
INSERT INTO "billing" VALUES ('B100','P029','T100','2023-03-02',1551.7,'Credit Card','Failed');
INSERT INTO "billing" VALUES ('B101','P036','T101','2023-09-21',2930.05,'Credit Card','Paid');
INSERT INTO "billing" VALUES ('B102','P025','T102','2023-10-25',4460.36,'Credit Card','Pending');
INSERT INTO "billing" VALUES ('B103','P021','T103','2023-01-24',3428.95,'Credit Card','Pending');
INSERT INTO "billing" VALUES ('B104','P036','T104','2023-04-18',2898.31,'Credit Card','Failed');
INSERT INTO "billing" VALUES ('B105','P010','T105','2023-08-14',1959.5,'Cash','Pending');
INSERT INTO "billing" VALUES ('B106','P037','T106','2023-10-29',1998.51,'Credit Card','Paid');
INSERT INTO "billing" VALUES ('B107','P009','T107','2023-04-17',3512.69,'Credit Card','Pending');
INSERT INTO "billing" VALUES ('B108','P024','T108','2023-04-21',4973.63,'Cash','Paid');
INSERT INTO "billing" VALUES ('B109','P035','T109','2023-07-29',3478.28,'Cash','Pending');
INSERT INTO "billing" VALUES ('B110','P049','T110','2023-07-19',3010.03,'Cash','Failed');
INSERT INTO "billing" VALUES ('B111','P035','T111','2023-05-22',3787.93,'Credit Card','Paid');
INSERT INTO "billing" VALUES ('B112','P048','T112','2023-01-11',2593.43,'Insurance','Pending');
INSERT INTO "billing" VALUES ('B113','P036','T113','2023-11-24',770.64,'Insurance','Pending');
INSERT INTO "billing" VALUES ('B114','P018','T114','2023-08-08',3030.34,'Cash','Pending');
INSERT INTO "billing" VALUES ('B115','P049','T115','2023-10-25',4809.31,'Insurance','Paid');
INSERT INTO "billing" VALUES ('B116','P039','T116','2023-07-07',1288.86,'Cash','Paid');
INSERT INTO "billing" VALUES ('B117','P032','T117','2023-06-20',3605.02,'Credit Card','Paid');
INSERT INTO "billing" VALUES ('B118','P024','T118','2023-08-09',1404.2,'Insurance','Failed');
INSERT INTO "billing" VALUES ('B119','P023','T119','2023-12-18',2911.22,'Credit Card','Failed');
INSERT INTO "billing" VALUES ('B120','P032','T120','2023-12-08',935.04,'Insurance','Paid');
INSERT INTO "billing" VALUES ('B121','P037','T121','2023-04-07',2526.67,'Credit Card','Pending');
INSERT INTO "billing" VALUES ('B122','P012','T122','2023-07-11',3902.73,'Insurance','Failed');
INSERT INTO "billing" VALUES ('B123','P049','T123','2023-02-28',2064.07,'Credit Card','Paid');
INSERT INTO "billing" VALUES ('B124','P013','T124','2023-03-16',3492.1,'Credit Card','Pending');
INSERT INTO "billing" VALUES ('B125','P023','T125','2023-02-18',4079.52,'Insurance','Failed');
INSERT INTO "billing" VALUES ('B126','P025','T126','2023-11-02',4672.3,'Credit Card','Pending');
INSERT INTO "billing" VALUES ('B127','P035','T127','2023-11-13',1555.89,'Credit Card','Pending');
INSERT INTO "billing" VALUES ('B128','P041','T128','2023-04-15',2296.92,'Credit Card','Pending');
INSERT INTO "billing" VALUES ('B129','P030','T129','2023-08-25',1185.87,'Insurance','Pending');
INSERT INTO "billing" VALUES ('B130','P017','T130','2023-02-23',4966.18,'Insurance','Failed');
INSERT INTO "billing" VALUES ('B131','P049','T131','2023-05-11',4671.5,'Credit Card','Failed');
INSERT INTO "billing" VALUES ('B132','P020','T132','2023-07-26',2929.81,'Credit Card','Failed');
INSERT INTO "billing" VALUES ('B133','P048','T133','2023-03-23',4289.15,'Insurance','Paid');
INSERT INTO "billing" VALUES ('B134','P025','T134','2023-10-17',2844.31,'Insurance','Failed');
INSERT INTO "billing" VALUES ('B135','P022','T135','2023-09-09',3306.14,'Credit Card','Pending');
INSERT INTO "billing" VALUES ('B136','P013','T136','2023-05-13',901.06,'Credit Card','Failed');
INSERT INTO "billing" VALUES ('B137','P019','T137','2023-10-25',3898.72,'Credit Card','Pending');
INSERT INTO "billing" VALUES ('B138','P049','T138','2023-12-26',1074.71,'Cash','Paid');
INSERT INTO "billing" VALUES ('B139','P036','T139','2023-10-10',4217.3,'Insurance','Pending');
INSERT INTO "billing" VALUES ('B140','P012','T140','2023-02-05',4019.13,'Cash','Pending');
INSERT INTO "billing" VALUES ('B141','P041','T141','2023-06-15',3689.35,'Insurance','Pending');
INSERT INTO "billing" VALUES ('B142','P019','T142','2023-11-01',662.72,'Insurance','Paid');
INSERT INTO "billing" VALUES ('B143','P012','T143','2023-09-21',1864.08,'Insurance','Failed');
INSERT INTO "billing" VALUES ('B144','P009','T144','2023-08-16',1684.01,'Insurance','Failed');
INSERT INTO "billing" VALUES ('B145','P007','T145','2023-11-11',2120.61,'Insurance','Paid');
INSERT INTO "billing" VALUES ('B146','P028','T146','2023-01-05',894.39,'Insurance','Pending');
INSERT INTO "billing" VALUES ('B147','P014','T147','2023-11-13',4716.31,'Insurance','Failed');
INSERT INTO "billing" VALUES ('B148','P031','T148','2023-12-06',2992.11,'Cash','Paid');
INSERT INTO "billing" VALUES ('B149','P019','T149','2023-07-26',1874.86,'Credit Card','Failed');
INSERT INTO "billing" VALUES ('B150','P047','T150','2023-08-16',2286.42,'Credit Card','Paid');
INSERT INTO "billing" VALUES ('B151','P016','T151','2023-01-28',2512.41,'Cash','Pending');
INSERT INTO "billing" VALUES ('B152','P005','T152','2023-04-14',3202.67,'Cash','Failed');
INSERT INTO "billing" VALUES ('B153','P035','T153','2023-07-08',2820.56,'Cash','Paid');
INSERT INTO "billing" VALUES ('B154','P012','T154','2023-03-06',4637.26,'Cash','Failed');
INSERT INTO "billing" VALUES ('B155','P025','T155','2023-01-03',2736.34,'Insurance','Failed');
INSERT INTO "billing" VALUES ('B156','P021','T156','2023-11-22',4964.71,'Credit Card','Failed');
INSERT INTO "billing" VALUES ('B157','P036','T157','2023-05-12',4331.41,'Insurance','Failed');
INSERT INTO "billing" VALUES ('B158','P023','T158','2023-07-12',1438.3,'Credit Card','Paid');
INSERT INTO "billing" VALUES ('B159','P016','T159','2023-04-08',4687.68,'Credit Card','Pending');
INSERT INTO "billing" VALUES ('B160','P039','T160','2023-12-17',1023.65,'Cash','Paid');
INSERT INTO "billing" VALUES ('B161','P045','T161','2023-06-17',4178.52,'Insurance','Paid');
INSERT INTO "billing" VALUES ('B162','P042','T162','2023-01-01',2212.8,'Cash','Paid');
INSERT INTO "billing" VALUES ('B163','P039','T163','2023-06-27',4450.88,'Insurance','Pending');
INSERT INTO "billing" VALUES ('B164','P014','T164','2023-07-28',4406.26,'Credit Card','Failed');
INSERT INTO "billing" VALUES ('B165','P031','T165','2023-04-04',4126.66,'Cash','Failed');
INSERT INTO "billing" VALUES ('B166','P005','T166','2023-01-12',4055.14,'Cash','Failed');
INSERT INTO "billing" VALUES ('B167','P035','T167','2023-11-15',1871.06,'Credit Card','Pending');
INSERT INTO "billing" VALUES ('B168','P023','T168','2023-09-29',864.14,'Credit Card','Failed');
INSERT INTO "billing" VALUES ('B169','P029','T169','2023-07-24',2313.41,'Credit Card','Pending');
INSERT INTO "billing" VALUES ('B170','P043','T170','2023-03-03',1280.86,'Cash','Failed');
INSERT INTO "billing" VALUES ('B171','P011','T171','2023-04-18',3627.28,'Insurance','Failed');
INSERT INTO "billing" VALUES ('B172','P018','T172','2023-03-09',2057.45,'Cash','Paid');
INSERT INTO "billing" VALUES ('B173','P047','T173','2023-06-04',4890.25,'Insurance','Pending');
INSERT INTO "billing" VALUES ('B174','P012','T174','2023-10-31',3384.37,'Cash','Paid');
INSERT INTO "billing" VALUES ('B175','P009','T175','2023-10-22',4201.16,'Cash','Paid');
INSERT INTO "billing" VALUES ('B176','P010','T176','2023-04-26',1096.36,'Credit Card','Paid');
INSERT INTO "billing" VALUES ('B177','P044','T177','2023-08-16',4379.07,'Insurance','Pending');
INSERT INTO "billing" VALUES ('B178','P017','T178','2023-01-17',4652.41,'Cash','Pending');
INSERT INTO "billing" VALUES ('B179','P038','T179','2023-03-08',2691.78,'Cash','Failed');
INSERT INTO "billing" VALUES ('B180','P007','T180','2023-01-07',3228.14,'Credit Card','Paid');
INSERT INTO "billing" VALUES ('B181','P046','T181','2023-09-03',3941.64,'Credit Card','Failed');
INSERT INTO "billing" VALUES ('B182','P013','T182','2023-04-12',1286.77,'Insurance','Paid');
INSERT INTO "billing" VALUES ('B183','P040','T183','2023-02-03',2761.55,'Cash','Pending');
INSERT INTO "billing" VALUES ('B184','P042','T184','2023-02-26',2293.98,'Insurance','Pending');
INSERT INTO "billing" VALUES ('B185','P009','T185','2023-03-21',1158.68,'Cash','Pending');
INSERT INTO "billing" VALUES ('B186','P050','T186','2023-03-27',2153.9,'Insurance','Paid');
INSERT INTO "billing" VALUES ('B187','P027','T187','2023-02-13',806.78,'Credit Card','Pending');
INSERT INTO "billing" VALUES ('B188','P002','T188','2023-04-12',616.15,'Cash','Paid');
INSERT INTO "billing" VALUES ('B189','P005','T189','2023-10-05',1108.25,'Insurance','Failed');
INSERT INTO "billing" VALUES ('B190','P029','T190','2023-11-16',4834.02,'Credit Card','Paid');
INSERT INTO "billing" VALUES ('B191','P037','T191','2023-04-12',2972.88,'Credit Card','Failed');
INSERT INTO "billing" VALUES ('B192','P038','T192','2023-08-31',4846.2,'Insurance','Paid');
INSERT INTO "billing" VALUES ('B193','P019','T193','2023-09-15',2446.24,'Cash','Failed');
INSERT INTO "billing" VALUES ('B194','P008','T194','2023-04-06',1903.17,'Cash','Pending');
INSERT INTO "billing" VALUES ('B195','P048','T195','2023-08-19',2777.64,'Credit Card','Failed');
INSERT INTO "billing" VALUES ('B196','P045','T196','2023-10-26',2477.8,'Cash','Pending');
INSERT INTO "billing" VALUES ('B197','P001','T197','2023-04-01',975.49,'Cash','Pending');
INSERT INTO "billing" VALUES ('B198','P022','T198','2023-05-15',3383.72,'Cash','Failed');
INSERT INTO "billing" VALUES ('B199','P017','T199','2023-05-01',1472.17,'Credit Card','Paid');
INSERT INTO "billing" VALUES ('B200','P007','T200','2023-12-30',3288.15,'Insurance','Paid');
INSERT INTO "doctors" VALUES ('D001','David','Taylor','Dermatology',8322010158,17,'Westside Clinic','dr.david.taylor@hospital.com');
INSERT INTO "doctors" VALUES ('D002','Jane','Davis','Pediatrics',9004382050,24,'Eastside Clinic','dr.jane.davis@hospital.com');
INSERT INTO "doctors" VALUES ('D003','Jane','Smith','Pediatrics',8737740598,19,'Eastside Clinic','dr.jane.smith@hospital.com');
INSERT INTO "doctors" VALUES ('D004','David','Jones','Pediatrics',6594221991,28,'Central Hospital','dr.david.jones@hospital.com');
INSERT INTO "doctors" VALUES ('D005','Sarah','Taylor','Dermatology',9118538547,26,'Central Hospital','dr.sarah.taylor@hospital.com');
INSERT INTO "doctors" VALUES ('D006','Alex','Davis','Pediatrics',6570137231,23,'Central Hospital','dr.alex.davis@hospital.com');
INSERT INTO "doctors" VALUES ('D007','Robert','Davis','Oncology',8217493115,26,'Westside Clinic','dr.robert.davis@hospital.com');
INSERT INTO "doctors" VALUES ('D008','Linda','Brown','Dermatology',9069162601,5,'Westside Clinic','dr.linda.brown@hospital.com');
INSERT INTO "doctors" VALUES ('D009','Sarah','Smith','Pediatrics',7387087517,26,'Central Hospital','dr.sarah.smith@hospital.com');
INSERT INTO "doctors" VALUES ('D010','Linda','Wilson','Oncology',6176383634,21,'Eastside Clinic','dr.linda.wilson@hospital.com');
INSERT INTO "patients" VALUES ('P001','David','Williams','F','1955-06-04',6939585183,'789 Pine Rd','2022-06-23','WellnessCorp','INS840674','david.williams@mail.com');
INSERT INTO "patients" VALUES ('P002','Emily','Smith','F','1984-10-12',8228188767,'321 Maple Dr','2022-01-15','PulseSecure','INS354079','emily.smith@mail.com');
INSERT INTO "patients" VALUES ('P003','Laura','Jones','M','1977-08-21',8397029847,'321 Maple Dr','2022-02-07','PulseSecure','INS650929','laura.jones@mail.com');
INSERT INTO "patients" VALUES ('P004','Michael','Johnson','F','1981-02-20',9019443432,'123 Elm St','2021-03-02','HealthIndia','INS789944','michael.johnson@mail.com');
INSERT INTO "patients" VALUES ('P005','David','Wilson','M','1960-06-23',7734463155,'123 Elm St','2021-09-29','MedCare Plus','INS788105','david.wilson@mail.com');
INSERT INTO "patients" VALUES ('P006','Linda','Jones','M','1963-06-16',7561777264,'321 Maple Dr','2022-10-02','HealthIndia','INS613758','linda.jones@mail.com');
INSERT INTO "patients" VALUES ('P007','Alex','Johnson','F','1989-06-08',6278710077,'789 Pine Rd','2021-12-25','MedCare Plus','INS465890','alex.johnson@mail.com');
INSERT INTO "patients" VALUES ('P008','David','Davis','F','1976-07-05',7090558393,'456 Oak Ave','2021-05-25','WellnessCorp','INS545101','david.davis@mail.com');
INSERT INTO "patients" VALUES ('P009','Laura','Davis','M','1971-12-11',7060324619,'321 Maple Dr','2022-09-18','PulseSecure','INS136631','laura.davis@mail.com');
INSERT INTO "patients" VALUES ('P010','Michael','Taylor','M','2001-10-13',7081396733,'123 Elm St','2022-08-24','WellnessCorp','INS866577','michael.taylor@mail.com');
INSERT INTO "patients" VALUES ('P011','Emily','Jones','F','1966-12-04',8990604070,'789 Pine Rd','2022-09-27','MedCare Plus','INS172991','emily.jones@mail.com');
INSERT INTO "patients" VALUES ('P012','Laura','Davis','F','1991-12-08',8135666049,'321 Maple Dr','2023-04-27','MedCare Plus','INS104014','laura.davis@mail.com');
INSERT INTO "patients" VALUES ('P013','Laura','Johnson','F','1990-03-28',9059178882,'321 Maple Dr','2021-12-23','WellnessCorp','INS373237','laura.johnson@mail.com');
INSERT INTO "patients" VALUES ('P014','Alex','Taylor','M','1968-02-27',7292262512,'789 Pine Rd','2023-12-12','MedCare Plus','INS118070','alex.taylor@mail.com');
INSERT INTO "patients" VALUES ('P015','Sarah','Johnson','M','1964-05-11',6636028516,'321 Maple Dr','2021-09-25','WellnessCorp','INS922209','sarah.johnson@mail.com');
INSERT INTO "patients" VALUES ('P016','Michael','Taylor','M','2000-07-22',7223380592,'789 Pine Rd','2021-07-23','PulseSecure','INS156958','michael.taylor@mail.com');
INSERT INTO "patients" VALUES ('P017','Jane','Jones','M','1991-05-01',6158428240,'456 Oak Ave','2022-09-26','WellnessCorp','INS182074','jane.jones@mail.com');
INSERT INTO "patients" VALUES ('P018','Laura','Wilson','M','1979-09-24',7145815738,'789 Pine Rd','2022-09-23','PulseSecure','INS635017','laura.wilson@mail.com');
INSERT INTO "patients" VALUES ('P019','Sarah','Miller','M','1975-05-24',8618058864,'789 Pine Rd','2023-06-24','WellnessCorp','INS855073','sarah.miller@mail.com');
INSERT INTO "patients" VALUES ('P020','Jane','Moore','F','2003-06-06',8158989953,'789 Pine Rd','2022-04-03','MedCare Plus','INS276089','jane.moore@mail.com');
INSERT INTO "patients" VALUES ('P021','Michael','Wilson','M','2002-03-01',7765390555,'321 Maple Dr','2022-01-19','WellnessCorp','INS297392','michael.wilson@mail.com');
INSERT INTO "patients" VALUES ('P022','John','Brown','M','1955-05-10',6221099573,'321 Maple Dr','2021-05-11','MedCare Plus','INS258823','john.brown@mail.com');
INSERT INTO "patients" VALUES ('P023','Linda','Johnson','M','1994-02-22',6141951830,'789 Pine Rd','2021-12-27','WellnessCorp','INS730152','linda.johnson@mail.com');
INSERT INTO "patients" VALUES ('P024','Sarah','Brown','F','1991-11-04',7196777444,'321 Maple Dr','2021-09-02','WellnessCorp','INS493002','sarah.brown@mail.com');
INSERT INTO "patients" VALUES ('P025','Robert','Wilson','M','1966-08-14',7482069727,'123 Elm St','2021-09-09','HealthIndia','INS833429','robert.wilson@mail.com');
INSERT INTO "patients" VALUES ('P026','John','Taylor','M','2003-11-28',9900972256,'123 Elm St','2021-05-13','MedCare Plus','INS598863','john.taylor@mail.com');
INSERT INTO "patients" VALUES ('P027','Linda','Moore','F','1998-06-29',8724518272,'321 Maple Dr','2021-08-15','HealthIndia','INS467654','linda.moore@mail.com');
INSERT INTO "patients" VALUES ('P028','Alex','Moore','M','1993-04-13',7028910482,'321 Maple Dr','2023-05-20','MedCare Plus','INS679036','alex.moore@mail.com');
INSERT INTO "patients" VALUES ('P029','David','Smith','M','2005-05-15',8923607677,'789 Pine Rd','2023-04-19','HealthIndia','INS630089','david.smith@mail.com');
INSERT INTO "patients" VALUES ('P030','Emily','Moore','M','1964-12-23',6622318721,'456 Oak Ave','2021-08-07','PulseSecure','INS250262','emily.moore@mail.com');
INSERT INTO "patients" VALUES ('P031','Robert','Miller','M','1987-01-14',8280346676,'321 Maple Dr','2022-06-28','WellnessCorp','INS542905','robert.miller@mail.com');
INSERT INTO "patients" VALUES ('P032','Alex','Moore','M','1981-01-08',8102183595,'123 Elm St','2021-10-02','MedCare Plus','INS335362','alex.moore@mail.com');
INSERT INTO "patients" VALUES ('P033','Michael','Wilson','F','1970-02-06',7923214041,'789 Pine Rd','2023-09-06','MedCare Plus','INS544209','michael.wilson@mail.com');
INSERT INTO "patients" VALUES ('P034','Alex','Smith','F','1950-01-26',8374657733,'321 Maple Dr','2023-06-18','WellnessCorp','INS653880','alex.smith@mail.com');
INSERT INTO "patients" VALUES ('P035','David','Wilson','F','1993-04-13',7039619487,'123 Elm St','2023-07-09','MedCare Plus','INS897079','david.wilson@mail.com');
INSERT INTO "patients" VALUES ('P036','Michael','Wilson','M','1997-12-26',8545613046,'123 Elm St','2022-10-04','MedCare Plus','INS764076','michael.wilson@mail.com');
INSERT INTO "patients" VALUES ('P037','Robert','Williams','M','1999-02-05',8886800195,'456 Oak Ave','2021-09-30','HealthIndia','INS319963','robert.williams@mail.com');
INSERT INTO "patients" VALUES ('P038','David','Smith','M','1991-06-25',6347262390,'789 Pine Rd','2021-04-19','MedCare Plus','INS580761','david.smith@mail.com');
INSERT INTO "patients" VALUES ('P039','Jane','Wilson','F','1950-12-12',9271131338,'789 Pine Rd','2021-03-09','PulseSecure','INS348710','jane.wilson@mail.com');
INSERT INTO "patients" VALUES ('P040','Emily','Williams','M','1972-05-30',7587653815,'456 Oak Ave','2021-10-16','PulseSecure','INS320984','emily.williams@mail.com');
INSERT INTO "patients" VALUES ('P041','Robert','Williams','M','1951-06-19',7020645498,'456 Oak Ave','2022-07-16','WellnessCorp','INS997059','robert.williams@mail.com');
INSERT INTO "patients" VALUES ('P042','Jane','Smith','F','1954-08-22',7040069008,'789 Pine Rd','2022-03-15','MedCare Plus','INS956748','jane.smith@mail.com');
INSERT INTO "patients" VALUES ('P043','Linda','Brown','M','1980-03-25',9127665406,'789 Pine Rd','2022-07-18','WellnessCorp','INS882355','linda.brown@mail.com');
INSERT INTO "patients" VALUES ('P044','Robert','Taylor','F','1976-03-11',9449458981,'321 Maple Dr','2023-01-26','PulseSecure','INS364512','robert.taylor@mail.com');
INSERT INTO "patients" VALUES ('P045','Linda','Miller','F','1966-04-25',7579616535,'321 Maple Dr','2021-01-23','MedCare Plus','INS701863','linda.miller@mail.com');
INSERT INTO "patients" VALUES ('P046','Michael','Taylor','F','1986-09-01',8019925828,'456 Oak Ave','2021-07-31','MedCare Plus','INS368799','michael.taylor@mail.com');
INSERT INTO "patients" VALUES ('P047','Jane','Moore','M','1995-12-13',8715732851,'321 Maple Dr','2022-05-20','WellnessCorp','INS337549','jane.moore@mail.com');
INSERT INTO "patients" VALUES ('P048','Emily','Miller','M','1983-03-24',8720989381,'123 Elm St','2023-06-19','PulseSecure','INS694319','emily.miller@mail.com');
INSERT INTO "patients" VALUES ('P049','David','Moore','M','1972-11-26',7712937941,'321 Maple Dr','2023-06-14','MedCare Plus','INS584299','david.moore@mail.com');
INSERT INTO "patients" VALUES ('P050','Laura','Wilson','M','1993-12-27',8301134730,'321 Maple Dr','2023-04-28','WellnessCorp','INS712210','laura.wilson@mail.com');
INSERT INTO "treatments" VALUES ('T001','A001','Chemotherapy','Basic screening',3941.97,'2023-08-09');
INSERT INTO "treatments" VALUES ('T002','A002','MRI','Advanced protocol',4158.44,'2023-06-09');
INSERT INTO "treatments" VALUES ('T003','A003','MRI','Standard procedure',3731.55,'2023-06-28');
INSERT INTO "treatments" VALUES ('T004','A004','MRI','Basic screening',4799.86,'2023-09-01');
INSERT INTO "treatments" VALUES ('T005','A005','ECG','Standard procedure',582.05,'2023-07-06');
INSERT INTO "treatments" VALUES ('T006','A006','Chemotherapy','Standard procedure',1381.0,'2023-06-19');
INSERT INTO "treatments" VALUES ('T007','A007','Chemotherapy','Advanced protocol',534.03,'2023-04-09');
INSERT INTO "treatments" VALUES ('T008','A008','Physiotherapy','Basic screening',3413.64,'2023-05-24');
INSERT INTO "treatments" VALUES ('T009','A009','Physiotherapy','Standard procedure',4541.14,'2023-03-05');
INSERT INTO "treatments" VALUES ('T010','A010','Physiotherapy','Standard procedure',1595.67,'2023-01-13');
INSERT INTO "treatments" VALUES ('T011','A011','MRI','Basic screening',4671.66,'2023-11-12');
INSERT INTO "treatments" VALUES ('T012','A012','Chemotherapy','Standard procedure',771.2,'2023-05-07');
INSERT INTO "treatments" VALUES ('T013','A013','MRI','Standard procedure',4704.96,'2023-08-16');
INSERT INTO "treatments" VALUES ('T014','A014','ECG','Basic screening',2082.3,'2023-05-25');
INSERT INTO "treatments" VALUES ('T015','A015','Physiotherapy','Basic screening',956.39,'2023-01-15');
INSERT INTO "treatments" VALUES ('T016','A016','MRI','Basic screening',2686.42,'2023-06-30');
INSERT INTO "treatments" VALUES ('T017','A017','MRI','Basic screening',1655.49,'2023-07-11');
INSERT INTO "treatments" VALUES ('T018','A018','ECG','Advanced protocol',1781.93,'2023-11-14');
INSERT INTO "treatments" VALUES ('T019','A019','X-Ray','Basic screening',1882.8,'2023-02-06');
INSERT INTO "treatments" VALUES ('T020','A020','Chemotherapy','Advanced protocol',4113.62,'2023-12-05');
INSERT INTO "treatments" VALUES ('T021','A021','X-Ray','Advanced protocol',2926.23,'2023-04-24');
INSERT INTO "treatments" VALUES ('T022','A022','Physiotherapy','Advanced protocol',1900.88,'2023-11-14');
INSERT INTO "treatments" VALUES ('T023','A023','MRI','Standard procedure',3246.5,'2023-05-09');
INSERT INTO "treatments" VALUES ('T024','A024','ECG','Advanced protocol',3722.68,'2023-06-21');
INSERT INTO "treatments" VALUES ('T025','A025','ECG','Advanced protocol',1726.81,'2023-02-25');
INSERT INTO "treatments" VALUES ('T026','A026','Chemotherapy','Standard procedure',2360.97,'2023-03-17');
INSERT INTO "treatments" VALUES ('T027','A027','X-Ray','Standard procedure',1048.49,'2023-11-14');
INSERT INTO "treatments" VALUES ('T028','A028','Chemotherapy','Standard procedure',1315.17,'2023-10-29');
INSERT INTO "treatments" VALUES ('T029','A029','MRI','Basic screening',3565.03,'2023-06-25');
INSERT INTO "treatments" VALUES ('T030','A030','Chemotherapy','Standard procedure',1316.47,'2023-08-29');
INSERT INTO "treatments" VALUES ('T031','A031','ECG','Standard procedure',2863.24,'2023-04-04');
INSERT INTO "treatments" VALUES ('T032','A032','ECG','Advanced protocol',3690.71,'2023-11-06');
INSERT INTO "treatments" VALUES ('T033','A033','Physiotherapy','Standard procedure',980.95,'2023-09-23');
INSERT INTO "treatments" VALUES ('T034','A034','Physiotherapy','Basic screening',3052.9,'2023-06-13');
INSERT INTO "treatments" VALUES ('T035','A035','MRI','Standard procedure',1654.53,'2023-04-18');
INSERT INTO "treatments" VALUES ('T036','A036','X-Ray','Basic screening',4833.17,'2023-01-08');
INSERT INTO "treatments" VALUES ('T037','A037','Chemotherapy','Standard procedure',2675.96,'2023-03-28');
INSERT INTO "treatments" VALUES ('T038','A038','MRI','Standard procedure',4126.97,'2023-02-23');
INSERT INTO "treatments" VALUES ('T039','A039','Physiotherapy','Standard procedure',2976.02,'2023-04-17');
INSERT INTO "treatments" VALUES ('T040','A040','Chemotherapy','Standard procedure',695.36,'2023-03-27');
INSERT INTO "treatments" VALUES ('T041','A041','Physiotherapy','Basic screening',3349.18,'2023-01-01');
INSERT INTO "treatments" VALUES ('T042','A042','Chemotherapy','Basic screening',4781.32,'2023-03-21');
INSERT INTO "treatments" VALUES ('T043','A043','X-Ray','Advanced protocol',3207.25,'2023-03-29');
INSERT INTO "treatments" VALUES ('T044','A044','MRI','Basic screening',4186.35,'2023-09-20');
INSERT INTO "treatments" VALUES ('T045','A045','Chemotherapy','Standard procedure',4478.93,'2023-09-28');
INSERT INTO "treatments" VALUES ('T046','A046','ECG','Advanced protocol',1526.36,'2023-12-20');
INSERT INTO "treatments" VALUES ('T047','A047','ECG','Advanced protocol',1454.2,'2023-05-02');
INSERT INTO "treatments" VALUES ('T048','A048','Chemotherapy','Advanced protocol',3249.41,'2023-01-16');
INSERT INTO "treatments" VALUES ('T049','A049','Chemotherapy','Standard procedure',2349.63,'2023-04-30');
INSERT INTO "treatments" VALUES ('T050','A050','Chemotherapy','Basic screening',4279.38,'2023-08-16');
INSERT INTO "treatments" VALUES ('T051','A051','ECG','Standard procedure',4550.1,'2023-02-04');
INSERT INTO "treatments" VALUES ('T052','A052','ECG','Advanced protocol',2090.4,'2023-07-12');
INSERT INTO "treatments" VALUES ('T053','A053','Chemotherapy','Standard procedure',1565.92,'2023-02-12');
INSERT INTO "treatments" VALUES ('T054','A054','Physiotherapy','Standard procedure',4012.36,'2023-12-16');
INSERT INTO "treatments" VALUES ('T055','A055','Physiotherapy','Basic screening',1736.63,'2023-10-06');
INSERT INTO "treatments" VALUES ('T056','A056','X-Ray','Basic screening',4201.76,'2023-01-02');
INSERT INTO "treatments" VALUES ('T057','A057','MRI','Advanced protocol',2406.82,'2023-04-15');
INSERT INTO "treatments" VALUES ('T058','A058','Physiotherapy','Standard procedure',3503.97,'2023-05-09');
INSERT INTO "treatments" VALUES ('T059','A059','ECG','Standard procedure',929.91,'2023-03-09');
INSERT INTO "treatments" VALUES ('T060','A060','Physiotherapy','Basic screening',3307.37,'2023-11-22');
INSERT INTO "treatments" VALUES ('T061','A061','X-Ray','Standard procedure',2532.95,'2023-01-15');
INSERT INTO "treatments" VALUES ('T062','A062','X-Ray','Standard procedure',3139.74,'2023-06-14');
INSERT INTO "treatments" VALUES ('T063','A063','MRI','Standard procedure',1256.06,'2023-06-29');
INSERT INTO "treatments" VALUES ('T064','A064','Physiotherapy','Basic screening',3815.93,'2023-05-31');
INSERT INTO "treatments" VALUES ('T065','A065','ECG','Advanced protocol',4382.59,'2023-04-24');
INSERT INTO "treatments" VALUES ('T066','A066','ECG','Advanced protocol',1475.33,'2023-05-10');
INSERT INTO "treatments" VALUES ('T067','A067','Chemotherapy','Standard procedure',930.72,'2023-08-10');
INSERT INTO "treatments" VALUES ('T068','A068','ECG','Advanced protocol',606.37,'2023-03-14');
INSERT INTO "treatments" VALUES ('T069','A069','MRI','Basic screening',3388.87,'2023-03-29');
INSERT INTO "treatments" VALUES ('T070','A070','MRI','Basic screening',3231.92,'2023-08-26');
INSERT INTO "treatments" VALUES ('T071','A071','ECG','Advanced protocol',2960.14,'2023-01-26');
INSERT INTO "treatments" VALUES ('T072','A072','ECG','Advanced protocol',1543.76,'2023-06-12');
INSERT INTO "treatments" VALUES ('T073','A073','Chemotherapy','Standard procedure',2259.08,'2023-12-24');
INSERT INTO "treatments" VALUES ('T074','A074','ECG','Advanced protocol',3175.14,'2023-07-23');
INSERT INTO "treatments" VALUES ('T075','A075','Chemotherapy','Standard procedure',2735.45,'2023-05-08');
INSERT INTO "treatments" VALUES ('T076','A076','Chemotherapy','Standard procedure',4945.03,'2023-11-27');
INSERT INTO "treatments" VALUES ('T077','A077','ECG','Basic screening',1113.98,'2023-12-14');
INSERT INTO "treatments" VALUES ('T078','A078','X-Ray','Basic screening',3628.15,'2023-09-17');
INSERT INTO "treatments" VALUES ('T079','A079','X-Ray','Basic screening',2319.43,'2023-12-26');
INSERT INTO "treatments" VALUES ('T080','A080','Chemotherapy','Basic screening',2426.9,'2023-06-26');
INSERT INTO "treatments" VALUES ('T081','A081','ECG','Advanced protocol',3729.19,'2023-01-06');
INSERT INTO "treatments" VALUES ('T082','A082','X-Ray','Basic screening',3615.96,'2023-01-20');
INSERT INTO "treatments" VALUES ('T083','A083','ECG','Advanced protocol',4960.65,'2023-11-07');
INSERT INTO "treatments" VALUES ('T084','A084','ECG','Basic screening',1077.77,'2023-05-31');
INSERT INTO "treatments" VALUES ('T085','A085','ECG','Advanced protocol',968.49,'2023-02-18');
INSERT INTO "treatments" VALUES ('T086','A086','Physiotherapy','Standard procedure',3759.52,'2023-10-29');
INSERT INTO "treatments" VALUES ('T087','A087','ECG','Advanced protocol',3102.74,'2023-10-19');
INSERT INTO "treatments" VALUES ('T088','A088','Physiotherapy','Advanced protocol',1733.72,'2023-05-02');
INSERT INTO "treatments" VALUES ('T089','A089','Chemotherapy','Basic screening',857.39,'2023-02-14');
INSERT INTO "treatments" VALUES ('T090','A090','X-Ray','Advanced protocol',885.46,'2023-06-01');
INSERT INTO "treatments" VALUES ('T091','A091','X-Ray','Standard procedure',4523.86,'2023-06-11');
INSERT INTO "treatments" VALUES ('T092','A092','X-Ray','Standard procedure',1363.4,'2023-01-30');
INSERT INTO "treatments" VALUES ('T093','A093','X-Ray','Basic screening',1955.17,'2023-04-09');
INSERT INTO "treatments" VALUES ('T094','A094','X-Ray','Standard procedure',1519.95,'2023-04-08');
INSERT INTO "treatments" VALUES ('T095','A095','X-Ray','Advanced protocol',2097.48,'2023-05-09');
INSERT INTO "treatments" VALUES ('T096','A096','X-Ray','Standard procedure',812.41,'2023-07-07');
INSERT INTO "treatments" VALUES ('T097','A097','Chemotherapy','Basic screening',2835.77,'2023-05-06');
INSERT INTO "treatments" VALUES ('T098','A098','ECG','Advanced protocol',804.26,'2023-03-17');
INSERT INTO "treatments" VALUES ('T099','A099','MRI','Basic screening',4101.6,'2023-07-04');
INSERT INTO "treatments" VALUES ('T100','A100','Physiotherapy','Advanced protocol',1551.7,'2023-03-02');
INSERT INTO "treatments" VALUES ('T101','A101','MRI','Standard procedure',2930.05,'2023-09-21');
INSERT INTO "treatments" VALUES ('T102','A102','MRI','Basic screening',4460.36,'2023-10-25');
INSERT INTO "treatments" VALUES ('T103','A103','ECG','Basic screening',3428.95,'2023-01-24');
INSERT INTO "treatments" VALUES ('T104','A104','ECG','Advanced protocol',2898.31,'2023-04-18');
INSERT INTO "treatments" VALUES ('T105','A105','ECG','Basic screening',1959.5,'2023-08-14');
INSERT INTO "treatments" VALUES ('T106','A106','X-Ray','Advanced protocol',1998.51,'2023-10-29');
INSERT INTO "treatments" VALUES ('T107','A107','Chemotherapy','Advanced protocol',3512.69,'2023-04-17');
INSERT INTO "treatments" VALUES ('T108','A108','X-Ray','Advanced protocol',4973.63,'2023-04-21');
INSERT INTO "treatments" VALUES ('T109','A109','Chemotherapy','Advanced protocol',3478.28,'2023-07-29');
INSERT INTO "treatments" VALUES ('T110','A110','Chemotherapy','Standard procedure',3010.03,'2023-07-19');
INSERT INTO "treatments" VALUES ('T111','A111','MRI','Advanced protocol',3787.93,'2023-05-22');
INSERT INTO "treatments" VALUES ('T112','A112','MRI','Basic screening',2593.43,'2023-01-11');
INSERT INTO "treatments" VALUES ('T113','A113','Chemotherapy','Standard procedure',770.64,'2023-11-24');
INSERT INTO "treatments" VALUES ('T114','A114','Chemotherapy','Basic screening',3030.34,'2023-08-08');
INSERT INTO "treatments" VALUES ('T115','A115','X-Ray','Standard procedure',4809.31,'2023-10-25');
INSERT INTO "treatments" VALUES ('T116','A116','X-Ray','Advanced protocol',1288.86,'2023-07-07');
INSERT INTO "treatments" VALUES ('T117','A117','MRI','Standard procedure',3605.02,'2023-06-20');
INSERT INTO "treatments" VALUES ('T118','A118','ECG','Standard procedure',1404.2,'2023-08-09');
INSERT INTO "treatments" VALUES ('T119','A119','Chemotherapy','Basic screening',2911.22,'2023-12-18');
INSERT INTO "treatments" VALUES ('T120','A120','X-Ray','Basic screening',935.04,'2023-12-08');
INSERT INTO "treatments" VALUES ('T121','A121','MRI','Advanced protocol',2526.67,'2023-04-07');
INSERT INTO "treatments" VALUES ('T122','A122','X-Ray','Standard procedure',3902.73,'2023-07-11');
INSERT INTO "treatments" VALUES ('T123','A123','Chemotherapy','Standard procedure',2064.07,'2023-02-28');
INSERT INTO "treatments" VALUES ('T124','A124','Chemotherapy','Standard procedure',3492.1,'2023-03-16');
INSERT INTO "treatments" VALUES ('T125','A125','Physiotherapy','Advanced protocol',4079.52,'2023-02-18');
INSERT INTO "treatments" VALUES ('T126','A126','ECG','Advanced protocol',4672.3,'2023-11-02');
INSERT INTO "treatments" VALUES ('T127','A127','Physiotherapy','Advanced protocol',1555.89,'2023-11-13');
INSERT INTO "treatments" VALUES ('T128','A128','MRI','Advanced protocol',2296.92,'2023-04-15');
INSERT INTO "treatments" VALUES ('T129','A129','X-Ray','Advanced protocol',1185.87,'2023-08-25');
INSERT INTO "treatments" VALUES ('T130','A130','MRI','Basic screening',4966.18,'2023-02-23');
INSERT INTO "treatments" VALUES ('T131','A131','Chemotherapy','Standard procedure',4671.5,'2023-05-11');
INSERT INTO "treatments" VALUES ('T132','A132','Physiotherapy','Standard procedure',2929.81,'2023-07-26');
INSERT INTO "treatments" VALUES ('T133','A133','Physiotherapy','Standard procedure',4289.15,'2023-03-23');
INSERT INTO "treatments" VALUES ('T134','A134','Physiotherapy','Standard procedure',2844.31,'2023-10-17');
INSERT INTO "treatments" VALUES ('T135','A135','MRI','Standard procedure',3306.14,'2023-09-09');
INSERT INTO "treatments" VALUES ('T136','A136','Chemotherapy','Standard procedure',901.06,'2023-05-13');
INSERT INTO "treatments" VALUES ('T137','A137','X-Ray','Standard procedure',3898.72,'2023-10-25');
INSERT INTO "treatments" VALUES ('T138','A138','X-Ray','Standard procedure',1074.71,'2023-12-26');
INSERT INTO "treatments" VALUES ('T139','A139','MRI','Basic screening',4217.3,'2023-10-10');
INSERT INTO "treatments" VALUES ('T140','A140','Physiotherapy','Standard procedure',4019.13,'2023-02-05');
INSERT INTO "treatments" VALUES ('T141','A141','ECG','Basic screening',3689.35,'2023-06-15');
INSERT INTO "treatments" VALUES ('T142','A142','MRI','Advanced protocol',662.72,'2023-11-01');
INSERT INTO "treatments" VALUES ('T143','A143','MRI','Standard procedure',1864.08,'2023-09-21');
INSERT INTO "treatments" VALUES ('T144','A144','Chemotherapy','Advanced protocol',1684.01,'2023-08-16');
INSERT INTO "treatments" VALUES ('T145','A145','X-Ray','Advanced protocol',2120.61,'2023-11-11');
INSERT INTO "treatments" VALUES ('T146','A146','MRI','Advanced protocol',894.39,'2023-01-05');
INSERT INTO "treatments" VALUES ('T147','A147','MRI','Basic screening',4716.31,'2023-11-13');
INSERT INTO "treatments" VALUES ('T148','A148','Physiotherapy','Advanced protocol',2992.11,'2023-12-06');
INSERT INTO "treatments" VALUES ('T149','A149','Physiotherapy','Advanced protocol',1874.86,'2023-07-26');
INSERT INTO "treatments" VALUES ('T150','A150','ECG','Advanced protocol',2286.42,'2023-08-16');
INSERT INTO "treatments" VALUES ('T151','A151','Chemotherapy','Standard procedure',2512.41,'2023-01-28');
INSERT INTO "treatments" VALUES ('T152','A152','ECG','Standard procedure',3202.67,'2023-04-14');
INSERT INTO "treatments" VALUES ('T153','A153','Physiotherapy','Basic screening',2820.56,'2023-07-08');
INSERT INTO "treatments" VALUES ('T154','A154','X-Ray','Basic screening',4637.26,'2023-03-06');
INSERT INTO "treatments" VALUES ('T155','A155','Physiotherapy','Standard procedure',2736.34,'2023-01-03');
INSERT INTO "treatments" VALUES ('T156','A156','Chemotherapy','Basic screening',4964.71,'2023-11-22');
INSERT INTO "treatments" VALUES ('T157','A157','Physiotherapy','Standard procedure',4331.41,'2023-05-12');
INSERT INTO "treatments" VALUES ('T158','A158','Chemotherapy','Advanced protocol',1438.3,'2023-07-12');
INSERT INTO "treatments" VALUES ('T159','A159','Chemotherapy','Advanced protocol',4687.68,'2023-04-08');
INSERT INTO "treatments" VALUES ('T160','A160','Chemotherapy','Basic screening',1023.65,'2023-12-17');
INSERT INTO "treatments" VALUES ('T161','A161','Chemotherapy','Standard procedure',4178.52,'2023-06-17');
INSERT INTO "treatments" VALUES ('T162','A162','Chemotherapy','Standard procedure',2212.8,'2023-01-01');
INSERT INTO "treatments" VALUES ('T163','A163','X-Ray','Basic screening',4450.88,'2023-06-27');
INSERT INTO "treatments" VALUES ('T164','A164','ECG','Standard procedure',4406.26,'2023-07-28');
INSERT INTO "treatments" VALUES ('T165','A165','MRI','Advanced protocol',4126.66,'2023-04-04');
INSERT INTO "treatments" VALUES ('T166','A166','ECG','Basic screening',4055.14,'2023-01-12');
INSERT INTO "treatments" VALUES ('T167','A167','Chemotherapy','Basic screening',1871.06,'2023-11-15');
INSERT INTO "treatments" VALUES ('T168','A168','X-Ray','Standard procedure',864.14,'2023-09-29');
INSERT INTO "treatments" VALUES ('T169','A169','Physiotherapy','Basic screening',2313.41,'2023-07-24');
INSERT INTO "treatments" VALUES ('T170','A170','X-Ray','Standard procedure',1280.86,'2023-03-03');
INSERT INTO "treatments" VALUES ('T171','A171','Chemotherapy','Standard procedure',3627.28,'2023-04-18');
INSERT INTO "treatments" VALUES ('T172','A172','X-Ray','Standard procedure',2057.45,'2023-03-09');
INSERT INTO "treatments" VALUES ('T173','A173','X-Ray','Standard procedure',4890.25,'2023-06-04');
INSERT INTO "treatments" VALUES ('T174','A174','Chemotherapy','Standard procedure',3384.37,'2023-10-31');
INSERT INTO "treatments" VALUES ('T175','A175','X-Ray','Basic screening',4201.16,'2023-10-22');
INSERT INTO "treatments" VALUES ('T176','A176','MRI','Advanced protocol',1096.36,'2023-04-26');
INSERT INTO "treatments" VALUES ('T177','A177','MRI','Advanced protocol',4379.07,'2023-08-16');
INSERT INTO "treatments" VALUES ('T178','A178','X-Ray','Basic screening',4652.41,'2023-01-17');
INSERT INTO "treatments" VALUES ('T179','A179','Physiotherapy','Basic screening',2691.78,'2023-03-08');
INSERT INTO "treatments" VALUES ('T180','A180','Chemotherapy','Advanced protocol',3228.14,'2023-01-07');
INSERT INTO "treatments" VALUES ('T181','A181','MRI','Advanced protocol',3941.64,'2023-09-03');
INSERT INTO "treatments" VALUES ('T182','A182','Physiotherapy','Advanced protocol',1286.77,'2023-04-12');
INSERT INTO "treatments" VALUES ('T183','A183','X-Ray','Advanced protocol',2761.55,'2023-02-03');
INSERT INTO "treatments" VALUES ('T184','A184','Physiotherapy','Advanced protocol',2293.98,'2023-02-26');
INSERT INTO "treatments" VALUES ('T185','A185','ECG','Standard procedure',1158.68,'2023-03-21');
INSERT INTO "treatments" VALUES ('T186','A186','MRI','Basic screening',2153.9,'2023-03-27');
INSERT INTO "treatments" VALUES ('T187','A187','X-Ray','Standard procedure',806.78,'2023-02-13');
INSERT INTO "treatments" VALUES ('T188','A188','Chemotherapy','Advanced protocol',616.15,'2023-04-12');
INSERT INTO "treatments" VALUES ('T189','A189','X-Ray','Advanced protocol',1108.25,'2023-10-05');
INSERT INTO "treatments" VALUES ('T190','A190','Chemotherapy','Advanced protocol',4834.02,'2023-11-16');
INSERT INTO "treatments" VALUES ('T191','A191','X-Ray','Standard procedure',2972.88,'2023-04-12');
INSERT INTO "treatments" VALUES ('T192','A192','Physiotherapy','Standard procedure',4846.2,'2023-08-31');
INSERT INTO "treatments" VALUES ('T193','A193','Physiotherapy','Advanced protocol',2446.24,'2023-09-15');
INSERT INTO "treatments" VALUES ('T194','A194','Physiotherapy','Standard procedure',1903.17,'2023-04-06');
INSERT INTO "treatments" VALUES ('T195','A195','ECG','Standard procedure',2777.64,'2023-08-19');
INSERT INTO "treatments" VALUES ('T196','A196','Chemotherapy','Advanced protocol',2477.8,'2023-10-26');
INSERT INTO "treatments" VALUES ('T197','A197','Physiotherapy','Standard procedure',975.49,'2023-04-01');
INSERT INTO "treatments" VALUES ('T198','A198','ECG','Basic screening',3383.72,'2023-05-15');
INSERT INTO "treatments" VALUES ('T199','A199','Chemotherapy','Basic screening',1472.17,'2023-05-01');
INSERT INTO "treatments" VALUES ('T200','A200','X-Ray','Basic screening',3288.15,'2023-12-30');
CREATE VIEW doctors_KPI as
SELECT doctors.first_name||' '||doctors.last_name as Doctor_name,
		sum(billing.amount) as total_revenue,count(DISTINCT appointments.appointment_id) as count_app
FROM doctors
JOIN appointments on doctors.doctor_id = appointments.doctor_id
JOIN treatments on appointments.appointment_id = treatments.appointment_id
JOIN billing on treatments.treatment_id = billing.treatment_id
GROUP by Doctor_name
ORDER by total_revenue DESC;
CREATE VIEW monthly_revenue as
SELECT strftime('%Y-%m',bill_date) as month,
		sum(amount) as total
FROM billing
GROUP by month;
COMMIT;
